feature,importance_mean,importance_std
MDVP:Jitter(Abs),0.23501344086021508,0.05084888105714379
Shimmer:APQ5,0.17466397849462362,0.05683509501105964
Jitter:DDP,0.06162634408602148,0.029285271830766294
MDVP:Shimmer,0.04341397849462365,0.026625458643607002
MDVP:Jitter(%),0.03830645161290319,0.013241123441107882
MDVP:Shimmer(dB),0.009677419354838701,0.0079015798154296
Shimmer:APQ3,0.00161290322580645,0.004838709677419351
Shimmer:DDA,0.0,0.0
