feature,importance_mean,importance_std
MDVP:Jitter(Abs),0.31189516129032263,0.05581190764915335
Jitter:DDP,0.06001344086021504,0.025742931879234935
MDVP:Jitter(%),0.0064516129032258,0.009404761120718218
MDVP:Shimmer,0.0,0.0
Shimmer:DDA,0.0,0.0
Shimmer:APQ5,0.0,0.0
Shimmer:APQ3,-0.0032258064516129,0.0064516129032258
MDVP:Shimmer(dB),-0.011290322580645152,0.00739125112089651
