,precision,recall,f1-score,support
Healthy,0.8571428571428571,0.5,0.631578947368421,12.0
Parkinson,0.8333333333333334,0.967741935483871,0.8955223880597015,31.0
accuracy,0.8372093023255814,0.8372093023255814,0.8372093023255814,0.8372093023255814
macro avg,0.8452380952380952,0.7338709677419355,0.7635506677140613,43.0
weighted avg,0.8399778516057587,0.8372093023255814,0.8218637534481813,43.0
